User_ID,Campaign_Group,Converted,Purchase_Amount
50001,Control,0,0.0
50002,Control,0,0.0
50003,Control,0,0.0
50004,Control,0,0.0
50005,Control,0,0.0
50006,Test,0,0.0
50007,Control,0,0.0
50008,Test,0,0.0
50009,Control,0,0.0
50010,Control,0,0.0
50011,Control,0,0.0
50012,Control,0,0.0
50013,Test,0,0.0
50014,Test,0,0.0
50015,Control,0,0.0
50016,Control,0,0.0
50017,Test,1,47.42
50018,Control,0,0.0
50019,Control,0,0.0
50020,Control,0,0.0
50021,Control,0,0.0
50022,Control,0,0.0
50023,Test,0,0.0
50024,Test,1,33.19
50025,Test,0,0.0
50026,Control,0,0.0
50027,Test,0,0.0
50028,Test,0,0.0
50029,Test,1,40.7
50030,Control,0,0.0
50031,Test,0,0.0
50032,Control,0,0.0
50033,Test,1,67.43
50034,Control,1,42.9
50035,Control,0,0.0
50036,Control,0,0.0
50037,Test,0,0.0
50038,Control,0,0.0
50039,Test,0,0.0
50040,Test,0,0.0
50041,Test,0,0.0
50042,Test,0,0.0
50043,Test,0,0.0
50044,Test,0,0.0
50045,Control,0,0.0
50046,Test,0,0.0
50047,Test,0,0.0
50048,Control,0,0.0
50049,Test,0,0.0
50050,Control,0,0.0
50051,Control,0,0.0
50052,Control,0,0.0
50053,Control,0,0.0
50054,Test,0,0.0
50055,Test,0,0.0
50056,Test,0,0.0
50057,Test,0,0.0
50058,Control,0,0.0
50059,Control,0,0.0
50060,Test,1,45.95
50061,Test,0,0.0
50062,Control,0,0.0
50063,Test,0,0.0
50064,Test,0,0.0
50065,Test,1,48.68
50066,Control,0,0.0
50067,Control,0,0.0
50068,Test,0,0.0
50069,Test,0,0.0
50070,Control,0,0.0
50071,Test,0,0.0
50072,Test,0,0.0
50073,Control,0,0.0
50074,Control,0,0.0
50075,Control,0,0.0
50076,Control,0,0.0
50077,Test,0,0.0
50078,Control,0,0.0
50079,Test,0,0.0
50080,Test,0,0.0
50081,Control,0,0.0
50082,Test,0,0.0
50083,Control,0,0.0
50084,Control,0,0.0
50085,Test,0,0.0
50086,Test,0,0.0
50087,Control,0,0.0
50088,Control,0,0.0
50089,Control,0,0.0
50090,Control,0,0.0
50091,Control,0,0.0
50092,Test,0,0.0
50093,Control,0,0.0
50094,Test,0,0.0
50095,Control,0,0.0
50096,Test,0,0.0
50097,Test,0,0.0
50098,Test,1,37.68
50099,Control,0,0.0
50100,Test,0,0.0
50101,Test,0,0.0
50102,Test,0,0.0
50103,Test,1,40.84
50104,Control,0,0.0
50105,Test,0,0.0
50106,Test,0,0.0
50107,Test,1,53.76
50108,Test,0,0.0
50109,Test,0,0.0
50110,Test,0,0.0
50111,Test,0,0.0
50112,Test,0,0.0
50113,Control,0,0.0
50114,Test,0,0.0
50115,Test,1,35.92
50116,Control,0,0.0
50117,Control,0,0.0
50118,Test,0,0.0
50119,Test,0,0.0
50120,Control,0,0.0
50121,Test,0,0.0
50122,Test,0,0.0
50123,Control,0,0.0
50124,Control,1,35.85
50125,Test,0,0.0
50126,Test,0,0.0
50127,Control,0,0.0
50128,Control,0,0.0
50129,Control,0,0.0
50130,Test,0,0.0
50131,Control,0,0.0
50132,Test,1,65.44
50133,Control,0,0.0
50134,Test,0,0.0
50135,Control,0,0.0
50136,Test,0,0.0
50137,Test,0,0.0
50138,Control,0,0.0
50139,Control,0,0.0
50140,Test,1,26.6
50141,Control,0,0.0
50142,Test,0,0.0
50143,Control,0,0.0
50144,Control,0,0.0
50145,Test,0,0.0
50146,Test,0,0.0
50147,Test,0,0.0
50148,Control,0,0.0
50149,Control,0,0.0
50150,Test,0,0.0
50151,Control,0,0.0
50152,Control,0,0.0
50153,Control,0,0.0
50154,Control,0,0.0
50155,Test,0,0.0
50156,Test,0,0.0
50157,Test,1,38.4
50158,Test,1,28.24
50159,Test,0,0.0
50160,Test,0,0.0
50161,Test,0,0.0
50162,Control,1,42.0
50163,Control,0,0.0
50164,Test,0,0.0
50165,Control,0,0.0
50166,Control,0,0.0
50167,Test,0,0.0
50168,Test,0,0.0
50169,Test,0,0.0
50170,Control,0,0.0
50171,Test,0,0.0
50172,Test,1,61.89
50173,Test,0,0.0
50174,Control,0,0.0
50175,Control,0,0.0
50176,Control,0,0.0
50177,Control,0,0.0
50178,Control,0,0.0
50179,Control,0,0.0
50180,Test,0,0.0
50181,Test,0,0.0
50182,Test,0,0.0
50183,Control,0,0.0
50184,Control,0,0.0
50185,Control,0,0.0
50186,Control,0,0.0
50187,Control,0,0.0
50188,Control,0,0.0
50189,Test,0,0.0
50190,Test,0,0.0
50191,Test,0,0.0
50192,Test,0,0.0
50193,Test,1,45.56
50194,Test,0,0.0
50195,Test,0,0.0
50196,Test,0,0.0
50197,Test,0,0.0
50198,Control,0,0.0
50199,Test,0,0.0
50200,Test,0,0.0
50201,Test,0,0.0
50202,Control,0,0.0
50203,Control,0,0.0
50204,Test,0,0.0
50205,Test,0,0.0
50206,Control,0,0.0
50207,Test,1,42.56
50208,Test,0,0.0
50209,Control,0,0.0
50210,Test,0,0.0
50211,Control,0,0.0
50212,Test,0,0.0
50213,Test,1,50.77
50214,Test,0,0.0
50215,Test,1,62.79
50216,Control,0,0.0
50217,Test,1,48.59
50218,Test,0,0.0
50219,Test,0,0.0
50220,Control,0,0.0
50221,Control,0,0.0
50222,Control,0,0.0
50223,Test,0,0.0
50224,Control,0,0.0
50225,Test,1,59.71
50226,Test,0,0.0
50227,Test,0,0.0
50228,Test,0,0.0
50229,Test,0,0.0
50230,Test,0,0.0
50231,Control,1,47.31
50232,Test,0,0.0
50233,Test,1,42.48
50234,Test,0,0.0
50235,Test,0,0.0
50236,Control,0,0.0
50237,Control,0,0.0
50238,Test,0,0.0
50239,Control,1,51.64
50240,Test,0,0.0
50241,Control,0,0.0
50242,Control,0,0.0
50243,Control,0,0.0
50244,Test,0,0.0
50245,Test,1,34.46
50246,Test,1,48.79
50247,Test,0,0.0
50248,Control,1,47.02
50249,Control,0,0.0
50250,Test,0,0.0
50251,Test,0,0.0
50252,Control,0,0.0
50253,Test,0,0.0
50254,Test,0,0.0
50255,Control,0,0.0
50256,Control,0,0.0
50257,Test,0,0.0
50258,Control,1,49.76
50259,Control,0,0.0
50260,Test,0,0.0
50261,Control,0,0.0
50262,Control,0,0.0
50263,Control,1,34.68
50264,Test,1,37.63
50265,Test,0,0.0
50266,Control,0,0.0
50267,Control,0,0.0
50268,Test,0,0.0
50269,Test,0,0.0
50270,Test,0,0.0
50271,Control,0,0.0
50272,Test,1,54.26
50273,Test,0,0.0
50274,Test,0,0.0
50275,Test,1,41.09
50276,Control,0,0.0
50277,Test,0,0.0
50278,Control,0,0.0
50279,Control,0,0.0
50280,Test,0,0.0
50281,Test,0,0.0
50282,Control,0,0.0
50283,Test,0,0.0
50284,Control,0,0.0
50285,Test,0,0.0
50286,Test,0,0.0
50287,Control,1,19.1
50288,Control,0,0.0
50289,Control,0,0.0
50290,Control,0,0.0
50291,Control,0,0.0
50292,Test,0,0.0
50293,Control,0,0.0
50294,Test,0,0.0
50295,Control,1,52.54
50296,Test,0,0.0
50297,Control,0,0.0
50298,Control,0,0.0
50299,Test,0,0.0
50300,Control,1,32.54
50301,Test,0,0.0
50302,Test,0,0.0
50303,Test,0,0.0
50304,Control,0,0.0
50305,Control,1,40.29
50306,Control,0,0.0
50307,Test,1,44.99
50308,Control,0,0.0
50309,Control,0,0.0
50310,Control,1,50.08
50311,Control,0,0.0
50312,Control,0,0.0
50313,Control,0,0.0
50314,Control,0,0.0
50315,Control,0,0.0
50316,Control,0,0.0
50317,Test,0,0.0
50318,Control,0,0.0
50319,Control,0,0.0
50320,Control,0,0.0
50321,Control,0,0.0
50322,Control,0,0.0
50323,Test,0,0.0
50324,Test,1,19.12
50325,Control,0,0.0
50326,Test,1,44.5
50327,Control,0,0.0
50328,Control,0,0.0
50329,Test,0,0.0
50330,Test,0,0.0
50331,Test,0,0.0
50332,Control,1,42.27
50333,Control,0,0.0
50334,Test,0,0.0
50335,Test,1,43.09
50336,Control,0,0.0
50337,Test,0,0.0
50338,Test,0,0.0
50339,Control,0,0.0
50340,Test,0,0.0
50341,Test,0,0.0
50342,Control,0,0.0
50343,Test,0,0.0
50344,Control,0,0.0
50345,Control,0,0.0
50346,Test,0,0.0
50347,Test,0,0.0
50348,Test,0,0.0
50349,Test,0,0.0
50350,Test,0,0.0
50351,Test,0,0.0
50352,Control,0,0.0
50353,Test,1,59.96
50354,Test,0,0.0
50355,Control,0,0.0
50356,Test,0,0.0
50357,Test,0,0.0
50358,Test,0,0.0
50359,Control,0,0.0
50360,Test,0,0.0
50361,Control,0,0.0
50362,Control,0,0.0
50363,Test,1,56.44
50364,Test,0,0.0
50365,Control,0,0.0
50366,Control,0,0.0
50367,Test,0,0.0
50368,Test,0,0.0
50369,Test,0,0.0
50370,Test,0,0.0
50371,Control,0,0.0
50372,Control,0,0.0
50373,Control,0,0.0
50374,Control,0,0.0
50375,Control,0,0.0
50376,Control,0,0.0
50377,Test,0,0.0
50378,Control,0,0.0
50379,Test,0,0.0
50380,Test,1,46.29
50381,Test,0,0.0
50382,Test,0,0.0
50383,Test,0,0.0
50384,Control,0,0.0
50385,Control,0,0.0
50386,Control,0,0.0
50387,Control,0,0.0
50388,Test,0,0.0
50389,Test,0,0.0
50390,Test,0,0.0
50391,Control,0,0.0
50392,Test,0,0.0
50393,Control,0,0.0
50394,Test,0,0.0
50395,Control,0,0.0
50396,Control,1,49.03
50397,Control,0,0.0
50398,Test,0,0.0
50399,Control,0,0.0
50400,Control,0,0.0
50401,Test,0,0.0
50402,Test,1,26.43
50403,Control,0,0.0
50404,Test,0,0.0
50405,Control,0,0.0
50406,Control,0,0.0
50407,Control,0,0.0
50408,Control,0,0.0
50409,Test,0,0.0
50410,Test,0,0.0
50411,Control,0,0.0
50412,Test,0,0.0
50413,Test,0,0.0
50414,Control,0,0.0
50415,Control,0,0.0
50416,Test,0,0.0
50417,Test,0,0.0
50418,Test,0,0.0
50419,Test,0,0.0
50420,Control,0,0.0
50421,Test,0,0.0
50422,Control,1,66.55
50423,Test,0,0.0
50424,Test,0,0.0
50425,Control,0,0.0
50426,Control,0,0.0
50427,Test,0,0.0
50428,Control,0,0.0
50429,Test,0,0.0
50430,Test,0,0.0
50431,Test,0,0.0
50432,Control,0,0.0
50433,Test,0,0.0
50434,Test,0,0.0
50435,Test,1,40.72
50436,Test,0,0.0
50437,Test,0,0.0
50438,Test,0,0.0
50439,Control,0,0.0
50440,Test,0,0.0
50441,Control,1,47.52
50442,Control,0,0.0
50443,Control,0,0.0
50444,Test,0,0.0
50445,Test,0,0.0
50446,Test,0,0.0
50447,Control,1,34.71
50448,Control,0,0.0
50449,Control,0,0.0
50450,Test,1,59.97
50451,Control,0,0.0
50452,Control,0,0.0
50453,Control,0,0.0
50454,Test,0,0.0
50455,Test,0,0.0
50456,Test,0,0.0
50457,Control,0,0.0
50458,Control,0,0.0
50459,Control,0,0.0
50460,Control,0,0.0
50461,Control,0,0.0
50462,Control,0,0.0
50463,Control,0,0.0
50464,Control,0,0.0
50465,Control,1,27.53
50466,Test,0,0.0
50467,Test,0,0.0
50468,Test,0,0.0
50469,Control,0,0.0
50470,Control,0,0.0
50471,Test,0,0.0
50472,Control,0,0.0
50473,Test,0,0.0
50474,Test,1,43.62
50475,Test,0,0.0
50476,Test,0,0.0
50477,Test,0,0.0
50478,Test,0,0.0
50479,Control,0,0.0
50480,Control,0,0.0
50481,Control,0,0.0
50482,Control,0,0.0
50483,Control,0,0.0
50484,Control,0,0.0
50485,Test,0,0.0
50486,Control,0,0.0
50487,Control,0,0.0
50488,Control,0,0.0
50489,Test,0,0.0
50490,Control,0,0.0
50491,Test,0,0.0
50492,Test,0,0.0
50493,Test,0,0.0
50494,Control,0,0.0
50495,Control,0,0.0
50496,Test,0,0.0
50497,Control,0,0.0
50498,Control,0,0.0
50499,Control,0,0.0
50500,Test,0,0.0
50501,Control,0,0.0
50502,Test,0,0.0
50503,Control,0,0.0
50504,Test,0,0.0
50505,Test,0,0.0
50506,Control,1,48.77
50507,Control,0,0.0
50508,Control,0,0.0
50509,Control,0,0.0
50510,Test,0,0.0
50511,Control,0,0.0
50512,Test,0,0.0
50513,Control,0,0.0
50514,Control,0,0.0
50515,Test,0,0.0
50516,Test,0,0.0
50517,Control,0,0.0
50518,Test,1,33.2
50519,Control,0,0.0
50520,Test,0,0.0
50521,Control,0,0.0
50522,Control,0,0.0
50523,Test,0,0.0
50524,Control,1,42.82
50525,Control,0,0.0
50526,Control,0,0.0
50527,Test,1,59.82
50528,Test,0,0.0
50529,Test,0,0.0
50530,Control,0,0.0
50531,Test,0,0.0
50532,Control,0,0.0
50533,Control,1,28.21
50534,Test,0,0.0
50535,Control,0,0.0
50536,Control,0,0.0
50537,Test,0,0.0
50538,Test,0,0.0
50539,Control,0,0.0
50540,Control,0,0.0
50541,Test,0,0.0
50542,Control,0,0.0
50543,Control,0,0.0
50544,Control,0,0.0
50545,Test,0,0.0
50546,Control,1,53.79
50547,Control,0,0.0
50548,Control,0,0.0
50549,Control,0,0.0
50550,Control,0,0.0
50551,Test,0,0.0
50552,Test,0,0.0
50553,Control,0,0.0
50554,Test,0,0.0
50555,Control,1,49.24
50556,Test,0,0.0
50557,Control,0,0.0
50558,Test,0,0.0
50559,Control,0,0.0
50560,Test,0,0.0
50561,Test,0,0.0
50562,Control,0,0.0
50563,Control,0,0.0
50564,Control,0,0.0
50565,Test,0,0.0
50566,Control,0,0.0
50567,Test,0,0.0
50568,Test,1,26.52
50569,Control,0,0.0
50570,Control,0,0.0
50571,Test,0,0.0
50572,Test,0,0.0
50573,Test,0,0.0
50574,Control,0,0.0
50575,Control,0,0.0
50576,Test,0,0.0
50577,Test,0,0.0
50578,Test,0,0.0
50579,Control,0,0.0
50580,Control,0,0.0
50581,Control,0,0.0
50582,Test,1,44.64
50583,Control,1,41.88
50584,Test,0,0.0
50585,Test,0,0.0
50586,Control,0,0.0
50587,Control,0,0.0
50588,Test,1,52.7
50589,Control,0,0.0
50590,Control,0,0.0
50591,Control,0,0.0
50592,Test,0,0.0
50593,Test,0,0.0
50594,Test,0,0.0
50595,Test,0,0.0
50596,Test,0,0.0
50597,Test,0,0.0
50598,Test,0,0.0
50599,Control,0,0.0
50600,Control,0,0.0
50601,Test,0,0.0
50602,Test,0,0.0
50603,Control,0,0.0
50604,Test,0,0.0
50605,Control,0,0.0
50606,Control,0,0.0
50607,Test,0,0.0
50608,Control,0,0.0
50609,Test,0,0.0
50610,Control,1,63.87
50611,Control,0,0.0
50612,Test,1,47.51
50613,Test,0,0.0
50614,Control,0,0.0
50615,Test,1,31.1
50616,Test,0,0.0
50617,Control,0,0.0
50618,Control,0,0.0
50619,Test,0,0.0
50620,Test,0,0.0
50621,Control,0,0.0
50622,Control,0,0.0
50623,Control,0,0.0
50624,Control,0,0.0
50625,Test,0,0.0
50626,Test,0,0.0
50627,Control,0,0.0
50628,Test,0,0.0
50629,Test,0,0.0
50630,Test,0,0.0
50631,Test,0,0.0
50632,Test,1,34.85
50633,Test,0,0.0
50634,Control,0,0.0
50635,Control,0,0.0
50636,Test,0,0.0
50637,Control,0,0.0
50638,Control,0,0.0
50639,Control,0,0.0
50640,Test,0,0.0
50641,Test,0,0.0
50642,Control,0,0.0
50643,Control,0,0.0
50644,Test,0,0.0
50645,Control,0,0.0
50646,Test,0,0.0
50647,Control,0,0.0
50648,Test,0,0.0
50649,Test,0,0.0
50650,Test,0,0.0
50651,Test,0,0.0
50652,Control,1,52.23
50653,Control,0,0.0
50654,Test,0,0.0
50655,Test,0,0.0
50656,Control,0,0.0
50657,Test,0,0.0
50658,Test,0,0.0
50659,Test,0,0.0
50660,Test,0,0.0
50661,Test,1,37.62
50662,Test,0,0.0
50663,Test,0,0.0
50664,Test,0,0.0
50665,Test,0,0.0
50666,Control,0,0.0
50667,Control,0,0.0
50668,Control,0,0.0
50669,Test,0,0.0
50670,Test,0,0.0
50671,Test,0,0.0
50672,Test,1,55.41
50673,Control,0,0.0
50674,Control,0,0.0
50675,Test,0,0.0
50676,Control,0,0.0
50677,Control,0,0.0
50678,Test,0,0.0
50679,Control,0,0.0
50680,Test,0,0.0
50681,Control,0,0.0
50682,Test,0,0.0
50683,Control,0,0.0
50684,Control,0,0.0
50685,Test,0,0.0
50686,Test,0,0.0
50687,Test,0,0.0
50688,Control,0,0.0
50689,Control,0,0.0
50690,Test,0,0.0
50691,Control,0,0.0
50692,Control,1,32.09
50693,Test,0,0.0
50694,Control,0,0.0
50695,Control,1,53.73
50696,Control,0,0.0
50697,Test,0,0.0
50698,Control,0,0.0
50699,Test,0,0.0
50700,Control,0,0.0
50701,Test,0,0.0
50702,Control,0,0.0
50703,Control,0,0.0
50704,Test,0,0.0
50705,Test,0,0.0
50706,Test,0,0.0
50707,Test,0,0.0
50708,Control,0,0.0
50709,Control,1,44.55
50710,Control,0,0.0
50711,Test,0,0.0
50712,Control,0,0.0
50713,Test,0,0.0
50714,Control,0,0.0
50715,Test,0,0.0
50716,Control,0,0.0
50717,Control,0,0.0
50718,Test,0,0.0
50719,Test,0,0.0
50720,Test,0,0.0
50721,Test,0,0.0
50722,Test,0,0.0
50723,Test,0,0.0
50724,Test,0,0.0
50725,Test,0,0.0
50726,Control,0,0.0
50727,Control,0,0.0
50728,Test,0,0.0
50729,Test,0,0.0
50730,Control,0,0.0
50731,Control,0,0.0
50732,Test,0,0.0
50733,Control,0,0.0
50734,Test,0,0.0
50735,Test,0,0.0
50736,Control,0,0.0
50737,Test,0,0.0
50738,Test,0,0.0
50739,Test,1,48.05
50740,Control,0,0.0
50741,Control,0,0.0
50742,Test,0,0.0
50743,Control,0,0.0
50744,Control,0,0.0
50745,Control,0,0.0
50746,Control,0,0.0
50747,Control,0,0.0
50748,Control,0,0.0
50749,Test,0,0.0
50750,Test,0,0.0
50751,Control,0,0.0
50752,Test,0,0.0
50753,Control,0,0.0
50754,Test,0,0.0
50755,Control,0,0.0
50756,Control,0,0.0
50757,Test,0,0.0
50758,Control,0,0.0
50759,Test,0,0.0
50760,Control,0,0.0
50761,Control,0,0.0
50762,Test,0,0.0
50763,Test,0,0.0
50764,Control,0,0.0
50765,Control,0,0.0
50766,Control,0,0.0
50767,Test,0,0.0
50768,Control,0,0.0
50769,Control,0,0.0
50770,Test,0,0.0
50771,Control,0,0.0
50772,Control,0,0.0
50773,Control,0,0.0
50774,Test,0,0.0
50775,Control,0,0.0
50776,Control,0,0.0
50777,Test,0,0.0
50778,Control,0,0.0
50779,Control,0,0.0
50780,Control,0,0.0
50781,Test,0,0.0
50782,Test,0,0.0
50783,Control,0,0.0
50784,Control,1,60.93
50785,Control,0,0.0
50786,Control,0,0.0
50787,Test,0,0.0
50788,Control,0,0.0
50789,Control,0,0.0
50790,Test,0,0.0
50791,Control,1,51.43
50792,Test,0,0.0
50793,Control,0,0.0
50794,Test,0,0.0
50795,Control,0,0.0
50796,Test,0,0.0
50797,Control,0,0.0
50798,Test,0,0.0
50799,Control,0,0.0
50800,Test,0,0.0
50801,Control,1,46.84
50802,Test,0,0.0
50803,Test,0,0.0
50804,Test,0,0.0
50805,Test,0,0.0
50806,Control,0,0.0
50807,Control,0,0.0
50808,Test,0,0.0
50809,Control,0,0.0
50810,Control,0,0.0
50811,Control,0,0.0
50812,Control,0,0.0
50813,Test,0,0.0
50814,Test,0,0.0
50815,Test,0,0.0
50816,Control,0,0.0
50817,Test,1,41.35
50818,Test,0,0.0
50819,Test,0,0.0
50820,Test,0,0.0
50821,Test,0,0.0
50822,Control,1,46.27
50823,Control,0,0.0
50824,Control,0,0.0
50825,Test,0,0.0
50826,Test,0,0.0
50827,Test,0,0.0
50828,Test,0,0.0
50829,Test,0,0.0
50830,Test,0,0.0
50831,Test,0,0.0
50832,Control,0,0.0
50833,Control,0,0.0
50834,Control,0,0.0
50835,Control,0,0.0
50836,Test,0,0.0
50837,Control,0,0.0
50838,Test,0,0.0
50839,Control,1,30.12
50840,Control,0,0.0
50841,Test,1,50.91
50842,Test,0,0.0
50843,Control,0,0.0
50844,Test,0,0.0
50845,Control,0,0.0
50846,Test,0,0.0
50847,Test,0,0.0
50848,Control,0,0.0
50849,Test,0,0.0
50850,Test,1,37.0
50851,Test,0,0.0
50852,Test,1,54.86
50853,Control,0,0.0
50854,Test,0,0.0
50855,Test,0,0.0
50856,Test,1,51.41
50857,Control,0,0.0
50858,Test,0,0.0
50859,Test,0,0.0
50860,Test,0,0.0
50861,Control,0,0.0
50862,Control,0,0.0
50863,Control,0,0.0
50864,Control,0,0.0
50865,Test,1,43.31
50866,Test,0,0.0
50867,Test,0,0.0
50868,Test,1,44.05
50869,Control,0,0.0
50870,Control,0,0.0
50871,Test,0,0.0
50872,Test,0,0.0
50873,Test,0,0.0
50874,Control,0,0.0
50875,Test,0,0.0
50876,Control,0,0.0
50877,Test,0,0.0
50878,Test,0,0.0
50879,Test,0,0.0
50880,Control,0,0.0
50881,Test,0,0.0
50882,Control,0,0.0
50883,Control,0,0.0
50884,Test,1,41.9
50885,Control,0,0.0
50886,Test,0,0.0
50887,Control,0,0.0
50888,Test,0,0.0
50889,Test,0,0.0
50890,Control,0,0.0
50891,Test,0,0.0
50892,Test,0,0.0
50893,Test,0,0.0
50894,Test,1,57.95
50895,Test,0,0.0
50896,Control,0,0.0
50897,Control,0,0.0
50898,Control,0,0.0
50899,Test,0,0.0
50900,Test,0,0.0
50901,Test,0,0.0
50902,Test,0,0.0
50903,Test,0,0.0
50904,Control,0,0.0
50905,Control,0,0.0
50906,Test,0,0.0
50907,Control,0,0.0
50908,Test,0,0.0
50909,Control,0,0.0
50910,Control,0,0.0
50911,Test,1,48.59
50912,Control,1,36.88
50913,Test,0,0.0
50914,Control,0,0.0
50915,Test,0,0.0
50916,Test,0,0.0
50917,Test,0,0.0
50918,Test,0,0.0
50919,Control,0,0.0
50920,Control,0,0.0
50921,Control,1,44.08
50922,Test,0,0.0
50923,Test,0,0.0
50924,Control,0,0.0
50925,Test,0,0.0
50926,Control,0,0.0
50927,Control,0,0.0
50928,Test,0,0.0
50929,Control,0,0.0
50930,Control,0,0.0
50931,Test,0,0.0
50932,Test,0,0.0
50933,Control,0,0.0
50934,Test,0,0.0
50935,Test,0,0.0
50936,Control,0,0.0
50937,Test,0,0.0
50938,Control,0,0.0
50939,Control,0,0.0
50940,Control,0,0.0
50941,Test,0,0.0
50942,Control,0,0.0
50943,Control,0,0.0
50944,Control,0,0.0
50945,Control,0,0.0
50946,Test,1,43.4
50947,Control,0,0.0
50948,Test,0,0.0
50949,Test,1,34.36
50950,Test,0,0.0
50951,Control,0,0.0
50952,Control,0,0.0
50953,Control,1,28.28
50954,Test,1,53.07
50955,Control,0,0.0
50956,Test,0,0.0
50957,Control,0,0.0
50958,Control,0,0.0
50959,Control,0,0.0
50960,Control,0,0.0
50961,Test,0,0.0
50962,Control,1,46.67
50963,Test,0,0.0
50964,Test,0,0.0
50965,Test,0,0.0
50966,Control,0,0.0
50967,Test,0,0.0
50968,Control,0,0.0
50969,Test,1,52.51
50970,Control,0,0.0
50971,Control,1,34.57
50972,Test,1,39.69
50973,Test,1,40.96
50974,Control,0,0.0
50975,Control,0,0.0
50976,Test,0,0.0
50977,Control,0,0.0
50978,Control,0,0.0
50979,Test,0,0.0
50980,Test,0,0.0
50981,Test,0,0.0
50982,Test,0,0.0
50983,Control,0,0.0
50984,Test,0,0.0
50985,Control,0,0.0
50986,Control,0,0.0
50987,Test,0,0.0
50988,Control,0,0.0
50989,Test,0,0.0
50990,Control,0,0.0
50991,Control,1,38.07
50992,Test,0,0.0
50993,Control,0,0.0
50994,Control,0,0.0
50995,Control,0,0.0
50996,Control,0,0.0
50997,Control,0,0.0
50998,Test,0,0.0
50999,Control,0,0.0
51000,Test,0,0.0
51001,Control,0,0.0
51002,Control,0,0.0
51003,Control,0,0.0
51004,Control,0,0.0
51005,Control,1,49.11
51006,Control,1,36.44
51007,Control,0,0.0
51008,Control,0,0.0
51009,Test,0,0.0
51010,Test,1,44.6
51011,Control,0,0.0
51012,Test,0,0.0
51013,Test,0,0.0
51014,Control,0,0.0
51015,Test,0,0.0
51016,Test,0,0.0
51017,Control,0,0.0
51018,Test,0,0.0
51019,Test,0,0.0
51020,Control,0,0.0
51021,Control,0,0.0
51022,Test,1,32.16
51023,Test,0,0.0
51024,Control,0,0.0
51025,Control,0,0.0
51026,Test,0,0.0
51027,Control,0,0.0
51028,Test,0,0.0
51029,Control,0,0.0
51030,Control,0,0.0
51031,Control,0,0.0
51032,Control,0,0.0
51033,Control,0,0.0
51034,Test,0,0.0
51035,Test,0,0.0
51036,Control,0,0.0
51037,Test,0,0.0
51038,Control,0,0.0
51039,Control,1,46.69
51040,Control,0,0.0
51041,Control,0,0.0
51042,Test,0,0.0
51043,Test,0,0.0
51044,Control,1,43.45
51045,Test,0,0.0
51046,Control,0,0.0
51047,Control,0,0.0
51048,Control,0,0.0
51049,Test,0,0.0
51050,Control,0,0.0
51051,Test,0,0.0
51052,Control,0,0.0
51053,Control,0,0.0
51054,Test,0,0.0
51055,Control,0,0.0
51056,Test,0,0.0
51057,Test,1,46.88
51058,Test,0,0.0
51059,Control,0,0.0
51060,Control,0,0.0
51061,Test,0,0.0
51062,Test,0,0.0
51063,Test,1,26.25
51064,Control,0,0.0
51065,Control,0,0.0
51066,Test,0,0.0
51067,Control,1,31.41
51068,Control,1,50.81
51069,Control,1,51.33
51070,Control,0,0.0
51071,Test,0,0.0
51072,Test,0,0.0
51073,Control,0,0.0
51074,Control,0,0.0
51075,Test,0,0.0
51076,Control,0,0.0
51077,Test,0,0.0
51078,Test,0,0.0
51079,Test,1,30.65
51080,Test,1,39.88
51081,Control,0,0.0
51082,Test,0,0.0
51083,Control,0,0.0
51084,Control,0,0.0
51085,Control,0,0.0
51086,Control,0,0.0
51087,Control,1,51.87
51088,Control,0,0.0
51089,Test,0,0.0
51090,Test,0,0.0
51091,Control,0,0.0
51092,Test,0,0.0
51093,Control,0,0.0
51094,Test,1,38.46
51095,Control,0,0.0
51096,Test,0,0.0
51097,Control,0,0.0
51098,Test,0,0.0
51099,Control,0,0.0
51100,Control,0,0.0
51101,Control,1,61.08
51102,Control,0,0.0
51103,Test,0,0.0
51104,Test,0,0.0
51105,Control,0,0.0
51106,Test,0,0.0
51107,Control,0,0.0
51108,Test,0,0.0
51109,Control,0,0.0
51110,Test,1,51.42
51111,Control,0,0.0
51112,Test,0,0.0
51113,Control,0,0.0
51114,Test,0,0.0
51115,Test,0,0.0
51116,Control,0,0.0
51117,Test,0,0.0
51118,Test,0,0.0
51119,Test,0,0.0
51120,Test,0,0.0
51121,Test,0,0.0
51122,Test,0,0.0
51123,Test,0,0.0
51124,Control,0,0.0
51125,Test,0,0.0
51126,Test,0,0.0
51127,Test,0,0.0
51128,Control,1,37.89
51129,Control,1,22.5
51130,Test,0,0.0
51131,Test,0,0.0
51132,Control,0,0.0
51133,Control,0,0.0
51134,Control,1,35.43
51135,Test,1,49.4
51136,Control,0,0.0
51137,Test,0,0.0
51138,Test,0,0.0
51139,Test,0,0.0
51140,Control,0,0.0
51141,Test,0,0.0
51142,Test,0,0.0
51143,Control,0,0.0
51144,Control,0,0.0
51145,Test,0,0.0
51146,Test,0,0.0
51147,Test,0,0.0
51148,Control,0,0.0
51149,Control,0,0.0
51150,Control,1,51.59
51151,Test,0,0.0
51152,Test,1,62.52
51153,Control,0,0.0
51154,Control,0,0.0
51155,Test,0,0.0
51156,Test,0,0.0
51157,Control,0,0.0
51158,Test,0,0.0
51159,Test,0,0.0
51160,Control,0,0.0
51161,Control,0,0.0
51162,Control,0,0.0
51163,Control,0,0.0
51164,Test,0,0.0
51165,Control,0,0.0
51166,Control,1,41.19
51167,Test,0,0.0
51168,Control,0,0.0
51169,Test,0,0.0
51170,Control,0,0.0
51171,Control,0,0.0
51172,Test,0,0.0
51173,Control,0,0.0
51174,Test,1,47.11
51175,Control,0,0.0
51176,Test,1,48.47
51177,Test,0,0.0
51178,Control,0,0.0
51179,Test,0,0.0
51180,Control,0,0.0
51181,Test,1,32.04
51182,Control,0,0.0
51183,Test,0,0.0
51184,Control,0,0.0
51185,Test,0,0.0
51186,Test,0,0.0
51187,Test,0,0.0
51188,Control,0,0.0
51189,Test,0,0.0
51190,Control,0,0.0
51191,Control,0,0.0
51192,Control,0,0.0
51193,Control,0,0.0
51194,Test,1,32.07
51195,Control,0,0.0
51196,Test,1,46.77
51197,Control,0,0.0
51198,Control,0,0.0
51199,Test,0,0.0
51200,Control,0,0.0
51201,Control,0,0.0
51202,Control,0,0.0
51203,Control,0,0.0
51204,Test,0,0.0
51205,Control,0,0.0
51206,Control,0,0.0
51207,Test,0,0.0
51208,Test,0,0.0
51209,Control,0,0.0
51210,Test,1,46.98
51211,Control,1,27.95
51212,Control,0,0.0
51213,Control,0,0.0
51214,Test,0,0.0
51215,Control,0,0.0
51216,Test,0,0.0
51217,Control,1,25.17
51218,Control,0,0.0
51219,Test,0,0.0
51220,Control,0,0.0
51221,Control,0,0.0
51222,Control,0,0.0
51223,Control,0,0.0
51224,Control,0,0.0
51225,Control,0,0.0
51226,Control,1,56.2
51227,Control,0,0.0
51228,Test,0,0.0
51229,Control,0,0.0
51230,Control,0,0.0
51231,Test,0,0.0
51232,Test,1,49.48
51233,Control,0,0.0
51234,Control,0,0.0
51235,Test,0,0.0
51236,Control,0,0.0
51237,Test,1,61.24
51238,Test,0,0.0
51239,Test,0,0.0
51240,Control,0,0.0
51241,Test,0,0.0
51242,Test,0,0.0
51243,Test,1,32.6
51244,Control,0,0.0
51245,Test,1,66.28
51246,Test,1,28.12
51247,Test,0,0.0
51248,Test,0,0.0
51249,Control,1,48.09
51250,Test,0,0.0
51251,Control,0,0.0
51252,Test,0,0.0
51253,Control,0,0.0
51254,Control,0,0.0
51255,Test,0,0.0
51256,Control,0,0.0
51257,Test,0,0.0
51258,Test,0,0.0
51259,Control,0,0.0
51260,Control,0,0.0
51261,Test,0,0.0
51262,Control,0,0.0
51263,Test,0,0.0
51264,Test,0,0.0
51265,Test,0,0.0
51266,Test,1,50.48
51267,Test,0,0.0
51268,Test,0,0.0
51269,Test,0,0.0
51270,Test,1,31.04
51271,Control,0,0.0
51272,Control,0,0.0
51273,Test,0,0.0
51274,Test,0,0.0
51275,Control,0,0.0
51276,Control,0,0.0
51277,Test,1,54.69
51278,Control,0,0.0
51279,Control,1,37.03
51280,Control,0,0.0
51281,Test,0,0.0
51282,Control,1,60.83
51283,Control,0,0.0
51284,Control,0,0.0
51285,Control,0,0.0
51286,Test,1,28.19
51287,Test,0,0.0
51288,Control,0,0.0
51289,Control,0,0.0
51290,Test,1,13.21
51291,Control,1,68.49
51292,Test,0,0.0
51293,Control,0,0.0
51294,Control,1,52.35
51295,Control,0,0.0
51296,Test,0,0.0
51297,Control,0,0.0
51298,Control,0,0.0
51299,Control,0,0.0
51300,Control,0,0.0
51301,Control,0,0.0
51302,Control,1,49.55
51303,Control,0,0.0
51304,Test,0,0.0
51305,Test,1,47.75
51306,Control,0,0.0
51307,Control,0,0.0
51308,Test,0,0.0
51309,Control,0,0.0
51310,Control,0,0.0
51311,Test,0,0.0
51312,Test,0,0.0
51313,Control,0,0.0
51314,Control,0,0.0
51315,Test,0,0.0
51316,Control,0,0.0
51317,Test,0,0.0
51318,Control,0,0.0
51319,Control,0,0.0
51320,Test,0,0.0
51321,Test,0,0.0
51322,Test,0,0.0
51323,Control,0,0.0
51324,Test,0,0.0
51325,Test,0,0.0
51326,Test,0,0.0
51327,Test,0,0.0
51328,Control,1,47.28
51329,Control,0,0.0
51330,Test,0,0.0
51331,Test,1,44.5
51332,Control,0,0.0
51333,Control,1,50.56
51334,Test,0,0.0
51335,Control,0,0.0
51336,Test,0,0.0
51337,Control,0,0.0
51338,Test,0,0.0
51339,Control,0,0.0
51340,Control,1,61.58
51341,Control,0,0.0
51342,Test,0,0.0
51343,Test,0,0.0
51344,Test,0,0.0
51345,Control,0,0.0
51346,Test,0,0.0
51347,Test,0,0.0
51348,Test,0,0.0
51349,Test,0,0.0
51350,Control,0,0.0
51351,Test,1,59.27
51352,Test,0,0.0
51353,Test,0,0.0
51354,Test,0,0.0
51355,Control,0,0.0
51356,Test,0,0.0
51357,Test,0,0.0
51358,Control,0,0.0
51359,Test,0,0.0
51360,Control,0,0.0
51361,Control,0,0.0
51362,Test,0,0.0
51363,Control,0,0.0
51364,Control,0,0.0
51365,Control,0,0.0
51366,Control,0,0.0
51367,Control,0,0.0
51368,Control,0,0.0
51369,Control,0,0.0
51370,Control,0,0.0
51371,Test,0,0.0
51372,Test,0,0.0
51373,Test,0,0.0
51374,Test,0,0.0
51375,Control,0,0.0
51376,Test,0,0.0
51377,Test,0,0.0
51378,Control,0,0.0
51379,Control,1,32.27
51380,Control,0,0.0
51381,Test,0,0.0
51382,Control,0,0.0
51383,Test,0,0.0
51384,Control,0,0.0
51385,Control,0,0.0
51386,Test,0,0.0
51387,Test,1,46.93
51388,Control,0,0.0
51389,Test,1,37.06
51390,Control,0,0.0
51391,Test,0,0.0
51392,Test,0,0.0
51393,Test,0,0.0
51394,Control,0,0.0
51395,Control,0,0.0
51396,Test,0,0.0
51397,Control,0,0.0
51398,Test,0,0.0
51399,Test,0,0.0
51400,Control,1,38.61
51401,Test,0,0.0
51402,Control,1,41.52
51403,Test,0,0.0
51404,Test,0,0.0
51405,Test,0,0.0
51406,Control,0,0.0
51407,Test,1,39.52
51408,Test,0,0.0
51409,Control,1,47.74
51410,Control,0,0.0
51411,Control,0,0.0
51412,Test,0,0.0
51413,Test,0,0.0
51414,Test,0,0.0
51415,Test,0,0.0
51416,Control,0,0.0
51417,Control,0,0.0
51418,Control,0,0.0
51419,Control,0,0.0
51420,Test,1,84.59
51421,Test,0,0.0
51422,Test,0,0.0
51423,Control,0,0.0
51424,Test,0,0.0
51425,Test,0,0.0
51426,Control,1,57.65
51427,Test,1,35.51
51428,Control,1,46.13
51429,Test,0,0.0
51430,Test,0,0.0
51431,Test,1,52.29
51432,Control,0,0.0
51433,Control,1,48.25
51434,Control,0,0.0
51435,Test,0,0.0
51436,Test,0,0.0
51437,Control,0,0.0
51438,Test,0,0.0
51439,Control,0,0.0
51440,Control,0,0.0
51441,Test,0,0.0
51442,Test,0,0.0
51443,Control,0,0.0
51444,Control,0,0.0
51445,Control,0,0.0
51446,Control,0,0.0
51447,Test,1,50.83
51448,Test,0,0.0
51449,Control,0,0.0
51450,Control,0,0.0
51451,Test,0,0.0
51452,Test,0,0.0
51453,Test,1,52.57
51454,Control,0,0.0
51455,Test,0,0.0
51456,Control,0,0.0
51457,Test,1,51.59
51458,Test,0,0.0
51459,Control,0,0.0
51460,Control,1,48.77
51461,Control,1,42.23
51462,Control,0,0.0
51463,Control,0,0.0
51464,Test,0,0.0
51465,Control,0,0.0
51466,Test,1,42.79
51467,Test,0,0.0
51468,Test,0,0.0
51469,Test,1,24.86
51470,Control,0,0.0
51471,Control,0,0.0
51472,Control,0,0.0
51473,Test,0,0.0
51474,Control,1,37.84
51475,Control,0,0.0
51476,Control,0,0.0
51477,Test,1,47.87
51478,Control,1,42.75
51479,Control,0,0.0
51480,Control,0,0.0
51481,Test,0,0.0
51482,Test,0,0.0
51483,Control,0,0.0
51484,Test,0,0.0
51485,Control,0,0.0
51486,Control,0,0.0
51487,Control,1,35.46
51488,Test,0,0.0
51489,Test,0,0.0
51490,Control,0,0.0
51491,Test,0,0.0
51492,Control,0,0.0
51493,Test,0,0.0
51494,Test,1,45.85
51495,Test,0,0.0
51496,Test,1,47.49
51497,Test,1,52.78
51498,Test,0,0.0
51499,Test,0,0.0
51500,Control,0,0.0
51501,Control,0,0.0
51502,Control,0,0.0
51503,Test,0,0.0
51504,Control,0,0.0
51505,Test,0,0.0
51506,Control,0,0.0
51507,Test,1,41.04
51508,Control,0,0.0
51509,Test,0,0.0
51510,Control,0,0.0
51511,Test,0,0.0
51512,Control,0,0.0
51513,Control,0,0.0
51514,Test,0,0.0
51515,Control,0,0.0
51516,Control,0,0.0
51517,Control,0,0.0
51518,Test,0,0.0
51519,Control,0,0.0
51520,Test,0,0.0
51521,Control,1,35.63
51522,Control,1,45.68
51523,Test,0,0.0
51524,Control,0,0.0
51525,Test,0,0.0
51526,Control,0,0.0
51527,Control,0,0.0
51528,Test,0,0.0
51529,Test,0,0.0
51530,Test,0,0.0
51531,Test,0,0.0
51532,Control,0,0.0
51533,Control,0,0.0
51534,Control,0,0.0
51535,Test,1,38.56
51536,Test,0,0.0
51537,Control,0,0.0
51538,Control,1,37.22
51539,Control,0,0.0
51540,Test,0,0.0
51541,Test,1,56.81
51542,Control,0,0.0
51543,Control,0,0.0
51544,Control,0,0.0
51545,Test,0,0.0
51546,Test,0,0.0
51547,Control,0,0.0
51548,Test,0,0.0
51549,Test,1,42.05
51550,Control,1,60.47
51551,Test,0,0.0
51552,Control,0,0.0
51553,Test,0,0.0
51554,Control,0,0.0
51555,Control,0,0.0
51556,Test,0,0.0
51557,Test,0,0.0
51558,Control,0,0.0
51559,Test,0,0.0
51560,Control,0,0.0
51561,Control,0,0.0
51562,Test,0,0.0
51563,Control,0,0.0
51564,Control,1,43.47
51565,Test,0,0.0
51566,Control,0,0.0
51567,Test,1,40.08
51568,Control,0,0.0
51569,Test,0,0.0
51570,Control,0,0.0
51571,Control,0,0.0
51572,Test,0,0.0
51573,Test,0,0.0
51574,Test,0,0.0
51575,Control,0,0.0
51576,Test,0,0.0
51577,Control,1,55.59
51578,Test,0,0.0
51579,Test,0,0.0
51580,Control,0,0.0
51581,Test,0,0.0
51582,Control,1,29.55
51583,Test,0,0.0
51584,Test,0,0.0
51585,Control,0,0.0
51586,Test,0,0.0
51587,Control,0,0.0
51588,Test,0,0.0
51589,Control,0,0.0
51590,Test,0,0.0
51591,Control,0,0.0
51592,Control,0,0.0
51593,Test,0,0.0
51594,Control,0,0.0
51595,Control,0,0.0
51596,Test,0,0.0
51597,Test,0,0.0
51598,Test,0,0.0
51599,Control,0,0.0
51600,Test,0,0.0
51601,Control,0,0.0
51602,Test,0,0.0
51603,Test,0,0.0
51604,Test,0,0.0
51605,Control,0,0.0
51606,Test,0,0.0
51607,Test,0,0.0
51608,Test,0,0.0
51609,Control,0,0.0
51610,Test,0,0.0
51611,Test,0,0.0
51612,Control,0,0.0
51613,Control,0,0.0
51614,Control,0,0.0
51615,Control,1,29.86
51616,Control,0,0.0
51617,Control,0,0.0
51618,Test,0,0.0
51619,Test,0,0.0
51620,Control,0,0.0
51621,Test,1,39.04
51622,Test,0,0.0
51623,Control,1,40.89
51624,Control,0,0.0
51625,Test,0,0.0
51626,Test,0,0.0
51627,Test,1,53.13
51628,Test,0,0.0
51629,Control,0,0.0
51630,Test,0,0.0
51631,Control,0,0.0
51632,Control,0,0.0
51633,Control,0,0.0
51634,Control,1,51.37
51635,Test,0,0.0
51636,Test,0,0.0
51637,Test,0,0.0
51638,Control,0,0.0
51639,Test,1,43.48
51640,Test,0,0.0
51641,Control,0,0.0
51642,Test,0,0.0
51643,Test,0,0.0
51644,Control,1,37.1
51645,Test,0,0.0
51646,Test,0,0.0
51647,Test,0,0.0
51648,Test,0,0.0
51649,Control,0,0.0
51650,Test,0,0.0
51651,Test,1,72.55
51652,Control,0,0.0
51653,Control,0,0.0
51654,Test,0,0.0
51655,Control,0,0.0
51656,Test,0,0.0
51657,Test,0,0.0
51658,Control,0,0.0
51659,Control,0,0.0
51660,Control,0,0.0
51661,Test,0,0.0
51662,Test,0,0.0
51663,Test,1,46.69
51664,Control,0,0.0
51665,Test,0,0.0
51666,Test,0,0.0
51667,Control,0,0.0
51668,Test,0,0.0
51669,Control,0,0.0
51670,Test,0,0.0
51671,Control,0,0.0
51672,Control,0,0.0
51673,Test,0,0.0
51674,Test,0,0.0
51675,Control,0,0.0
51676,Test,0,0.0
51677,Test,0,0.0
51678,Control,1,41.0
51679,Test,0,0.0
51680,Test,0,0.0
51681,Test,0,0.0
51682,Control,0,0.0
51683,Test,0,0.0
51684,Test,0,0.0
51685,Test,0,0.0
51686,Control,0,0.0
51687,Test,0,0.0
51688,Control,0,0.0
51689,Test,0,0.0
51690,Test,1,31.52
51691,Control,0,0.0
51692,Control,0,0.0
51693,Test,0,0.0
51694,Test,0,0.0
51695,Control,0,0.0
51696,Test,0,0.0
51697,Test,0,0.0
51698,Test,0,0.0
51699,Test,0,0.0
51700,Control,0,0.0
51701,Test,0,0.0
51702,Control,0,0.0
51703,Control,0,0.0
51704,Control,0,0.0
51705,Test,0,0.0
51706,Test,0,0.0
51707,Control,0,0.0
51708,Test,0,0.0
51709,Test,1,40.76
51710,Test,0,0.0
51711,Test,0,0.0
51712,Control,0,0.0
51713,Control,0,0.0
51714,Test,0,0.0
51715,Control,0,0.0
51716,Control,0,0.0
51717,Test,0,0.0
51718,Test,1,53.86
51719,Test,0,0.0
51720,Control,1,52.0
51721,Control,0,0.0
51722,Test,0,0.0
51723,Control,0,0.0
51724,Control,0,0.0
51725,Control,0,0.0
51726,Test,0,0.0
51727,Control,1,38.12
51728,Control,0,0.0
51729,Control,0,0.0
51730,Control,0,0.0
51731,Control,0,0.0
51732,Test,0,0.0
51733,Test,0,0.0
51734,Control,0,0.0
51735,Control,0,0.0
51736,Control,0,0.0
51737,Control,0,0.0
51738,Control,0,0.0
51739,Control,0,0.0
51740,Control,1,34.42
51741,Test,0,0.0
51742,Control,0,0.0
51743,Test,0,0.0
51744,Control,0,0.0
51745,Control,0,0.0
51746,Test,1,38.8
51747,Control,0,0.0
51748,Control,0,0.0
51749,Test,0,0.0
51750,Test,0,0.0
51751,Control,0,0.0
51752,Control,0,0.0
51753,Test,0,0.0
51754,Test,0,0.0
51755,Control,0,0.0
51756,Control,0,0.0
51757,Test,0,0.0
51758,Control,0,0.0
51759,Control,1,49.08
51760,Test,0,0.0
51761,Control,0,0.0
51762,Test,0,0.0
51763,Test,0,0.0
51764,Test,0,0.0
51765,Control,0,0.0
51766,Control,0,0.0
51767,Control,0,0.0
51768,Control,0,0.0
51769,Control,0,0.0
51770,Control,0,0.0
51771,Control,0,0.0
51772,Control,0,0.0
51773,Control,0,0.0
51774,Test,1,45.79
51775,Test,0,0.0
51776,Control,0,0.0
51777,Test,0,0.0
51778,Test,0,0.0
51779,Control,0,0.0
51780,Control,0,0.0
51781,Test,0,0.0
51782,Control,0,0.0
51783,Control,0,0.0
51784,Test,0,0.0
51785,Control,0,0.0
51786,Test,0,0.0
51787,Control,0,0.0
51788,Control,0,0.0
51789,Control,0,0.0
51790,Test,0,0.0
51791,Control,0,0.0
51792,Control,0,0.0
51793,Test,1,57.74
51794,Control,0,0.0
51795,Control,0,0.0
51796,Control,0,0.0
51797,Test,0,0.0
51798,Control,0,0.0
51799,Control,0,0.0
51800,Control,0,0.0
51801,Control,0,0.0
51802,Test,0,0.0
51803,Test,0,0.0
51804,Control,0,0.0
51805,Control,0,0.0
51806,Control,1,28.96
51807,Test,0,0.0
51808,Control,1,38.26
51809,Control,1,43.14
51810,Test,0,0.0
51811,Control,0,0.0
51812,Test,0,0.0
51813,Control,0,0.0
51814,Control,0,0.0
51815,Control,0,0.0
51816,Control,0,0.0
51817,Control,0,0.0
51818,Control,0,0.0
51819,Test,0,0.0
51820,Control,0,0.0
51821,Test,0,0.0
51822,Test,0,0.0
51823,Test,0,0.0
51824,Test,0,0.0
51825,Control,0,0.0
51826,Control,0,0.0
51827,Control,1,47.29
51828,Control,0,0.0
51829,Control,1,50.23
51830,Control,0,0.0
51831,Test,0,0.0
51832,Test,1,59.55
51833,Control,0,0.0
51834,Control,0,0.0
51835,Control,0,0.0
51836,Control,0,0.0
51837,Control,0,0.0
51838,Test,0,0.0
51839,Control,1,51.79
51840,Control,0,0.0
51841,Control,1,38.98
51842,Test,0,0.0
51843,Test,0,0.0
51844,Test,1,39.71
51845,Control,0,0.0
51846,Control,1,51.58
51847,Control,0,0.0
51848,Control,0,0.0
51849,Test,1,42.92
51850,Control,1,47.06
51851,Control,0,0.0
51852,Test,0,0.0
51853,Control,0,0.0
51854,Test,1,47.16
51855,Control,0,0.0
51856,Control,0,0.0
51857,Control,0,0.0
51858,Test,0,0.0
51859,Control,1,49.21
51860,Control,0,0.0
51861,Control,0,0.0
51862,Test,0,0.0
51863,Test,0,0.0
51864,Control,0,0.0
51865,Control,1,35.66
51866,Test,0,0.0
51867,Test,0,0.0
51868,Test,0,0.0
51869,Control,0,0.0
51870,Control,0,0.0
51871,Test,0,0.0
51872,Test,0,0.0
51873,Test,0,0.0
51874,Control,1,48.65
51875,Test,0,0.0
51876,Test,0,0.0
51877,Test,0,0.0
51878,Control,0,0.0
51879,Test,0,0.0
51880,Test,0,0.0
51881,Test,0,0.0
51882,Test,1,62.11
51883,Test,0,0.0
51884,Test,0,0.0
51885,Control,0,0.0
51886,Test,0,0.0
51887,Test,1,32.8
51888,Control,0,0.0
51889,Control,0,0.0
51890,Control,1,40.47
51891,Test,0,0.0
51892,Control,0,0.0
51893,Test,0,0.0
51894,Test,0,0.0
51895,Test,0,0.0
51896,Control,0,0.0
51897,Control,0,0.0
51898,Control,0,0.0
51899,Control,1,42.48
51900,Test,0,0.0
51901,Test,0,0.0
51902,Control,0,0.0
51903,Test,0,0.0
51904,Control,0,0.0
51905,Control,0,0.0
51906,Test,0,0.0
51907,Control,0,0.0
51908,Test,0,0.0
51909,Test,0,0.0
51910,Test,0,0.0
51911,Control,0,0.0
51912,Control,0,0.0
51913,Control,0,0.0
51914,Test,1,50.32
51915,Control,0,0.0
51916,Control,0,0.0
51917,Test,1,46.67
51918,Test,0,0.0
51919,Test,0,0.0
51920,Test,0,0.0
51921,Control,1,43.65
51922,Control,0,0.0
51923,Control,0,0.0
51924,Control,1,63.13
51925,Test,0,0.0
51926,Control,0,0.0
51927,Test,0,0.0
51928,Control,0,0.0
51929,Control,1,32.85
51930,Test,0,0.0
51931,Control,0,0.0
51932,Test,0,0.0
51933,Test,0,0.0
51934,Test,0,0.0
51935,Control,0,0.0
51936,Test,0,0.0
51937,Control,0,0.0
51938,Test,1,35.24
51939,Control,0,0.0
51940,Control,0,0.0
51941,Test,1,60.85
51942,Control,0,0.0
51943,Test,1,57.88
51944,Control,0,0.0
51945,Test,0,0.0
51946,Test,0,0.0
51947,Control,0,0.0
51948,Test,0,0.0
51949,Test,0,0.0
51950,Test,0,0.0
51951,Control,0,0.0
51952,Test,1,64.46
51953,Control,0,0.0
51954,Control,0,0.0
51955,Control,0,0.0
51956,Test,0,0.0
51957,Test,0,0.0
51958,Control,0,0.0
51959,Test,0,0.0
51960,Test,0,0.0
51961,Control,0,0.0
51962,Test,0,0.0
51963,Control,0,0.0
51964,Control,0,0.0
51965,Control,0,0.0
51966,Test,0,0.0
51967,Test,0,0.0
51968,Control,0,0.0
51969,Control,0,0.0
51970,Control,0,0.0
51971,Test,0,0.0
51972,Test,0,0.0
51973,Test,0,0.0
51974,Test,1,60.16
51975,Test,0,0.0
51976,Test,0,0.0
51977,Control,0,0.0
51978,Test,0,0.0
51979,Control,0,0.0
51980,Control,0,0.0
51981,Control,0,0.0
51982,Test,0,0.0
51983,Test,0,0.0
51984,Test,0,0.0
51985,Control,0,0.0
51986,Test,0,0.0
51987,Control,0,0.0
51988,Test,0,0.0
51989,Control,0,0.0
51990,Test,0,0.0
51991,Test,0,0.0
51992,Test,0,0.0
51993,Test,0,0.0
51994,Test,0,0.0
51995,Control,0,0.0
51996,Test,0,0.0
51997,Control,0,0.0
51998,Control,0,0.0
51999,Control,0,0.0
52000,Test,0,0.0
52001,Control,1,53.89
52002,Control,0,0.0
52003,Test,0,0.0
52004,Test,0,0.0
52005,Control,0,0.0
52006,Test,0,0.0
52007,Control,0,0.0
52008,Test,0,0.0
52009,Test,0,0.0
52010,Test,0,0.0
52011,Test,0,0.0
52012,Control,0,0.0
52013,Control,0,0.0
52014,Test,1,46.12
52015,Control,0,0.0
52016,Test,0,0.0
52017,Control,0,0.0
52018,Control,0,0.0
52019,Test,0,0.0
52020,Control,0,0.0
52021,Control,0,0.0
52022,Control,0,0.0
52023,Test,0,0.0
52024,Control,0,0.0
52025,Control,0,0.0
52026,Control,0,0.0
52027,Control,0,0.0
52028,Control,1,56.3
52029,Test,0,0.0
52030,Test,0,0.0
52031,Control,0,0.0
52032,Test,0,0.0
52033,Test,1,53.43
52034,Control,0,0.0
52035,Control,0,0.0
52036,Test,0,0.0
52037,Test,0,0.0
52038,Control,0,0.0
52039,Control,0,0.0
52040,Control,0,0.0
52041,Control,0,0.0
52042,Test,0,0.0
52043,Test,0,0.0
52044,Test,0,0.0
52045,Control,0,0.0
52046,Control,0,0.0
52047,Control,0,0.0
52048,Test,0,0.0
52049,Test,0,0.0
52050,Control,0,0.0
52051,Control,0,0.0
52052,Test,0,0.0
52053,Test,1,49.98
52054,Control,1,50.26
52055,Control,0,0.0
52056,Control,0,0.0
52057,Test,0,0.0
52058,Test,0,0.0
52059,Test,0,0.0
52060,Test,0,0.0
52061,Test,0,0.0
52062,Control,0,0.0
52063,Control,0,0.0
52064,Control,0,0.0
52065,Control,1,36.65
52066,Test,0,0.0
52067,Test,1,35.12
52068,Test,0,0.0
52069,Control,1,58.97
52070,Control,0,0.0
52071,Control,0,0.0
52072,Test,0,0.0
52073,Control,1,38.68
52074,Control,0,0.0
52075,Control,0,0.0
52076,Test,0,0.0
52077,Test,1,30.35
52078,Test,0,0.0
52079,Test,0,0.0
52080,Test,0,0.0
52081,Control,0,0.0
52082,Control,0,0.0
52083,Test,0,0.0
52084,Test,0,0.0
52085,Control,0,0.0
52086,Control,0,0.0
52087,Test,0,0.0
52088,Control,0,0.0
52089,Test,0,0.0
52090,Control,0,0.0
52091,Control,1,48.87
52092,Control,0,0.0
52093,Test,0,0.0
52094,Test,0,0.0
52095,Control,0,0.0
52096,Test,0,0.0
52097,Control,1,43.21
52098,Control,1,38.31
52099,Test,0,0.0
52100,Control,0,0.0
52101,Test,0,0.0
52102,Test,0,0.0
52103,Test,0,0.0
52104,Test,0,0.0
52105,Test,0,0.0
52106,Control,0,0.0
52107,Control,0,0.0
52108,Control,0,0.0
52109,Test,0,0.0
52110,Control,0,0.0
52111,Control,0,0.0
52112,Test,0,0.0
52113,Test,0,0.0
52114,Test,1,50.43
52115,Test,0,0.0
52116,Control,0,0.0
52117,Test,0,0.0
52118,Control,0,0.0
52119,Control,1,47.47
52120,Test,0,0.0
52121,Test,0,0.0
52122,Test,0,0.0
52123,Test,0,0.0
52124,Test,0,0.0
52125,Control,1,60.79
52126,Test,0,0.0
52127,Test,0,0.0
52128,Test,0,0.0
52129,Control,1,44.56
52130,Control,0,0.0
52131,Test,0,0.0
52132,Control,0,0.0
52133,Test,0,0.0
52134,Control,0,0.0
52135,Control,1,61.78
52136,Test,0,0.0
52137,Control,0,0.0
52138,Test,1,47.16
52139,Control,0,0.0
52140,Control,0,0.0
52141,Control,0,0.0
52142,Test,1,41.96
52143,Control,0,0.0
52144,Test,0,0.0
52145,Test,0,0.0
52146,Test,0,0.0
52147,Test,0,0.0
52148,Control,1,40.17
52149,Control,0,0.0
52150,Test,0,0.0
52151,Control,0,0.0
52152,Test,0,0.0
52153,Test,0,0.0
52154,Control,0,0.0
52155,Test,0,0.0
52156,Test,1,44.89
52157,Control,1,42.77
52158,Test,0,0.0
52159,Control,0,0.0
52160,Test,0,0.0
52161,Test,1,67.23
52162,Test,0,0.0
52163,Test,0,0.0
52164,Test,0,0.0
52165,Test,0,0.0
52166,Test,0,0.0
52167,Test,0,0.0
52168,Test,0,0.0
52169,Test,0,0.0
52170,Test,0,0.0
52171,Test,0,0.0
52172,Test,0,0.0
52173,Control,0,0.0
52174,Test,1,19.84
52175,Test,0,0.0
52176,Test,0,0.0
52177,Control,0,0.0
52178,Test,0,0.0
52179,Control,0,0.0
52180,Control,0,0.0
52181,Test,0,0.0
52182,Test,0,0.0
52183,Control,0,0.0
52184,Test,0,0.0
52185,Control,0,0.0
52186,Control,0,0.0
52187,Control,0,0.0
52188,Test,1,53.68
52189,Control,0,0.0
52190,Control,0,0.0
52191,Test,0,0.0
52192,Control,0,0.0
52193,Test,0,0.0
52194,Test,0,0.0
52195,Test,0,0.0
52196,Control,1,29.74
52197,Test,1,56.11
52198,Test,0,0.0
52199,Control,0,0.0
52200,Control,0,0.0
52201,Control,0,0.0
52202,Control,1,36.42
52203,Test,0,0.0
52204,Test,1,57.61
52205,Control,0,0.0
52206,Control,0,0.0
52207,Test,0,0.0
52208,Control,0,0.0
52209,Test,0,0.0
52210,Control,0,0.0
52211,Test,0,0.0
52212,Test,0,0.0
52213,Control,0,0.0
52214,Control,0,0.0
52215,Test,0,0.0
52216,Test,0,0.0
52217,Control,0,0.0
52218,Test,0,0.0
52219,Control,0,0.0
52220,Test,0,0.0
52221,Test,0,0.0
52222,Control,0,0.0
52223,Control,0,0.0
52224,Control,0,0.0
52225,Test,0,0.0
52226,Control,0,0.0
52227,Control,0,0.0
52228,Test,0,0.0
52229,Control,0,0.0
52230,Test,0,0.0
52231,Control,1,39.82
52232,Control,0,0.0
52233,Control,0,0.0
52234,Test,0,0.0
52235,Test,0,0.0
52236,Test,0,0.0
52237,Control,0,0.0
52238,Control,0,0.0
52239,Test,0,0.0
52240,Control,0,0.0
52241,Control,0,0.0
52242,Control,1,38.71
52243,Test,0,0.0
52244,Test,0,0.0
52245,Control,0,0.0
52246,Control,1,32.4
52247,Test,0,0.0
52248,Test,0,0.0
52249,Control,0,0.0
52250,Test,0,0.0
52251,Control,0,0.0
52252,Control,0,0.0
52253,Control,0,0.0
52254,Control,0,0.0
52255,Control,0,0.0
52256,Test,0,0.0
52257,Control,0,0.0
52258,Control,0,0.0
52259,Control,0,0.0
52260,Test,0,0.0
52261,Test,0,0.0
52262,Control,0,0.0
52263,Control,0,0.0
52264,Control,0,0.0
52265,Control,1,34.38
52266,Control,0,0.0
52267,Test,0,0.0
52268,Test,0,0.0
52269,Test,0,0.0
52270,Control,0,0.0
52271,Control,0,0.0
52272,Test,0,0.0
52273,Test,0,0.0
52274,Control,0,0.0
52275,Test,1,29.46
52276,Control,0,0.0
52277,Control,0,0.0
52278,Control,0,0.0
52279,Test,0,0.0
52280,Control,0,0.0
52281,Test,0,0.0
52282,Control,0,0.0
52283,Control,0,0.0
52284,Test,0,0.0
52285,Control,0,0.0
52286,Control,0,0.0
52287,Control,0,0.0
52288,Test,0,0.0
52289,Test,1,42.48
52290,Control,0,0.0
52291,Control,0,0.0
52292,Test,0,0.0
52293,Control,0,0.0
52294,Control,0,0.0
52295,Control,0,0.0
52296,Test,0,0.0
52297,Control,0,0.0
52298,Test,0,0.0
52299,Test,0,0.0
52300,Test,0,0.0
52301,Test,0,0.0
52302,Control,0,0.0
52303,Test,0,0.0
52304,Test,1,41.88
52305,Control,0,0.0
52306,Control,0,0.0
52307,Control,0,0.0
52308,Test,0,0.0
52309,Control,0,0.0
52310,Control,0,0.0
52311,Test,0,0.0
52312,Test,0,0.0
52313,Control,0,0.0
52314,Test,0,0.0
52315,Test,0,0.0
52316,Control,0,0.0
52317,Test,0,0.0
52318,Test,0,0.0
52319,Test,1,49.5
52320,Test,0,0.0
52321,Test,1,32.45
52322,Control,1,39.13
52323,Control,1,53.87
52324,Control,0,0.0
52325,Control,0,0.0
52326,Test,0,0.0
52327,Control,0,0.0
52328,Control,1,27.04
52329,Control,0,0.0
52330,Control,0,0.0
52331,Control,0,0.0
52332,Control,0,0.0
52333,Test,0,0.0
52334,Control,0,0.0
52335,Test,0,0.0
52336,Test,0,0.0
52337,Test,0,0.0
52338,Control,0,0.0
52339,Test,0,0.0
52340,Test,0,0.0
52341,Control,0,0.0
52342,Control,1,21.18
52343,Control,0,0.0
52344,Test,1,50.54
52345,Test,0,0.0
52346,Control,0,0.0
52347,Control,0,0.0
52348,Test,0,0.0
52349,Test,0,0.0
52350,Test,0,0.0
52351,Test,1,35.38
52352,Test,0,0.0
52353,Test,1,42.43
52354,Control,0,0.0
52355,Control,0,0.0
52356,Test,0,0.0
52357,Control,0,0.0
52358,Control,0,0.0
52359,Test,0,0.0
52360,Test,1,62.14
52361,Test,0,0.0
52362,Control,0,0.0
52363,Test,0,0.0
52364,Control,0,0.0
52365,Test,0,0.0
52366,Control,0,0.0
52367,Control,0,0.0
52368,Control,0,0.0
52369,Test,0,0.0
52370,Control,0,0.0
52371,Test,1,56.11
52372,Control,0,0.0
52373,Control,0,0.0
52374,Test,0,0.0
52375,Test,0,0.0
52376,Control,1,24.39
52377,Test,0,0.0
52378,Test,0,0.0
52379,Test,1,47.49
52380,Test,0,0.0
52381,Control,0,0.0
52382,Control,0,0.0
52383,Control,0,0.0
52384,Control,0,0.0
52385,Test,0,0.0
52386,Control,0,0.0
52387,Control,0,0.0
52388,Test,0,0.0
52389,Test,1,29.29
52390,Test,0,0.0
52391,Test,0,0.0
52392,Control,0,0.0
52393,Test,1,49.99
52394,Test,0,0.0
52395,Control,0,0.0
52396,Control,0,0.0
52397,Control,0,0.0
52398,Test,1,50.8
52399,Control,0,0.0
52400,Test,0,0.0
52401,Control,0,0.0
52402,Control,0,0.0
52403,Control,0,0.0
52404,Control,0,0.0
52405,Control,1,33.53
52406,Control,0,0.0
52407,Control,0,0.0
52408,Test,1,20.81
52409,Test,0,0.0
52410,Test,0,0.0
52411,Test,0,0.0
52412,Test,0,0.0
52413,Test,0,0.0
52414,Control,1,48.37
52415,Test,0,0.0
52416,Test,0,0.0
52417,Test,0,0.0
52418,Test,0,0.0
52419,Control,0,0.0
52420,Test,0,0.0
52421,Control,0,0.0
52422,Control,0,0.0
52423,Control,1,38.44
52424,Control,0,0.0
52425,Control,1,38.3
52426,Control,0,0.0
52427,Test,0,0.0
52428,Control,0,0.0
52429,Test,1,50.21
52430,Test,1,33.09
52431,Test,1,28.25
52432,Control,1,38.08
52433,Test,0,0.0
52434,Control,0,0.0
52435,Control,0,0.0
52436,Test,0,0.0
52437,Test,1,32.54
52438,Test,0,0.0
52439,Control,0,0.0
52440,Control,0,0.0
52441,Control,0,0.0
52442,Test,0,0.0
52443,Control,0,0.0
52444,Test,0,0.0
52445,Control,0,0.0
52446,Control,0,0.0
52447,Control,0,0.0
52448,Control,1,23.22
52449,Test,0,0.0
52450,Test,0,0.0
52451,Control,0,0.0
52452,Control,0,0.0
52453,Test,0,0.0
52454,Test,0,0.0
52455,Test,0,0.0
52456,Control,0,0.0
52457,Control,1,50.61
52458,Control,0,0.0
52459,Control,0,0.0
52460,Test,1,20.06
52461,Control,0,0.0
52462,Test,0,0.0
52463,Control,0,0.0
52464,Test,0,0.0
52465,Control,1,55.11
52466,Control,0,0.0
52467,Test,0,0.0
52468,Control,1,38.65
52469,Control,0,0.0
52470,Control,0,0.0
52471,Test,1,41.11
52472,Test,0,0.0
52473,Test,0,0.0
52474,Test,0,0.0
52475,Test,1,33.94
52476,Test,0,0.0
52477,Test,0,0.0
52478,Test,0,0.0
52479,Control,0,0.0
52480,Test,0,0.0
52481,Test,1,59.69
52482,Control,0,0.0
52483,Control,0,0.0
52484,Control,0,0.0
52485,Control,0,0.0
52486,Control,1,42.85
52487,Control,0,0.0
52488,Control,0,0.0
52489,Test,1,41.69
52490,Control,0,0.0
52491,Control,0,0.0
52492,Control,0,0.0
52493,Test,1,37.36
52494,Control,0,0.0
52495,Control,0,0.0
52496,Test,0,0.0
52497,Control,0,0.0
52498,Control,0,0.0
52499,Control,0,0.0
52500,Test,0,0.0
